id,value,timestamp,description,category
16,843.21,2024-01-03 09:00:00,"Digital transformation strategy","IT"
17,654.32,2024-01-03 10:15:00,"Regional sales performance","Sales"
18,987.65,2024-01-03 11:30:00,"Customer retention report","Customer Service"
19,321.98,2024-01-03 13:45:00,"Email marketing campaign","Marketing"
20,765.43,2024-01-03 14:30:00,"Employee satisfaction survey","HR"
21,432.10,2024-01-03 15:45:00,"Cost optimization analysis","Finance"
22,876.54,2024-01-03 16:30:00,"Product inventory review","Sales"
23,543.21,2024-01-04 09:15:00,"IT infrastructure upgrade","IT"
24,198.76,2024-01-04 10:30:00,"Customer experience workshop","Customer Service"
25,654.32,2024-01-04 11:45:00,"Content marketing plan","Marketing"
26,987.65,2024-01-04 13:00:00,"Recruitment campaign results","HR"
27,321.98,2024-01-04 14:15:00,"Tax compliance review","Finance"
28,765.43,2024-01-04 15:30:00,"Sales territory mapping","Sales"
29,432.10,2024-01-04 16:45:00,"Help desk performance metrics","IT"
30,876.54,2024-01-04 17:00:00,"Brand partnership proposal","Marketing"